{"RF Accuracy": 0.9084451460142068, "RF Precision": 0.9321486268174475, "RF Recall": 0.8863287250384024, "RF AUC score": 0.9090734534282922, "XGBoost Accuracy": 0.9210734017363852, "XGBoost Precision": 0.9271317829457364, "XGBoost Recall": 0.9185867895545314, "XGBoost AUC score": 0.9211440441279151, "SVM Accuracy": 0.861878453038674, "SVM Precision": 0.8777777777777778, "SVM Recall": 0.8494623655913979, "SVM AUC score": 0.862231182795699, "NB Accuracy": 0.8918705603788477, "NB Precision": 0.9461805555555556, "NB Recall": 0.837173579109063, "NB AUC score": 0.8934244518921939}